{
  "file": "data/telemetry/20260706-115004_ground-run-legodom.npz",
  "n_rows": 2589,
  "run_meta": {
    "mode": "ground-run-legodom",
    "approach_kp_scale": 2.0,
    "ground_leg_kp_scale": 1.0,
    "gravity_ff": false,
    "yaw_align": true,
    "torso_anchor": true,
    "max_action": 12.0,
    "ground_max_action": 10.0
  },
  "torque": {
    "n_samples": 2589,
    "per_joint": {
      "left_hip_pitch_joint": {
        "mean_nm": -1.1429762590479418,
        "rms_nm": 10.135457025834057,
        "p95_abs_nm": 20.89559669494626
      },
      "left_hip_roll_joint": {
        "mean_nm": 1.4576128874565468,
        "rms_nm": 11.260476080391655,
        "p95_abs_nm": 23.90625
      },
      "left_hip_yaw_joint": {
        "mean_nm": -0.7623946273641128,
        "rms_nm": 5.369124828209106,
        "p95_abs_nm": 11.409801483154297
      },
      "left_knee_joint": {
        "mean_nm": -9.363525673522595,
        "rms_nm": 17.80694259621377,
        "p95_abs_nm": 40.74609374999999
      },
      "left_ankle_pitch_joint": {
        "mean_nm": 1.7261549035544548,
        "rms_nm": 8.491267701449244,
        "p95_abs_nm": 18.774878692626945
      },
      "left_ankle_roll_joint": {
        "mean_nm": 1.6962213344201924,
        "rms_nm": 3.814868384754837,
        "p95_abs_nm": 7.534694862365722
      },
      "right_hip_pitch_joint": {
        "mean_nm": -1.7075945931875647,
        "rms_nm": 10.03406217961713,
        "p95_abs_nm": 21.36541175842285
      },
      "right_hip_roll_joint": {
        "mean_nm": 0.7980088535631518,
        "rms_nm": 12.015990227201199,
        "p95_abs_nm": 24.43359375
      },
      "right_hip_yaw_joint": {
        "mean_nm": -0.1929803918507533,
        "rms_nm": 5.651104042825011,
        "p95_abs_nm": 10.962358474731445
      },
      "right_knee_joint": {
        "mean_nm": -9.01498451984357,
        "rms_nm": 16.94447534072903,
        "p95_abs_nm": 36.9140625
      },
      "right_ankle_pitch_joint": {
        "mean_nm": 4.120512543034947,
        "rms_nm": 9.933748565210475,
        "p95_abs_nm": 21.89640998840332
      },
      "right_ankle_roll_joint": {
        "mean_nm": -2.3673471841192484,
        "rms_nm": 3.4402622403526006,
        "p95_abs_nm": 6.501278781890869
      },
      "waist_yaw_joint": {
        "mean_nm": 0.007496271186028728,
        "rms_nm": 4.3024653253971685,
        "p95_abs_nm": 9.373934936523433
      },
      "waist_roll_joint": {
        "mean_nm": 1.6879280426055328,
        "rms_nm": 9.677298634838682,
        "p95_abs_nm": 20.485486602783205
      },
      "waist_pitch_joint": {
        "mean_nm": 2.9697325356620663,
        "rms_nm": 8.483761054263518,
        "p95_abs_nm": 16.395316696166994
      },
      "left_shoulder_pitch_joint": {
        "mean_nm": -1.6798232908458866,
        "rms_nm": 3.296812459820822,
        "p95_abs_nm": 6.875
      },
      "left_shoulder_roll_joint": {
        "mean_nm": 2.0606653147933565,
        "rms_nm": 3.3576751141482886,
        "p95_abs_nm": 6.4375
      },
      "left_shoulder_yaw_joint": {
        "mean_nm": 0.7111336423329471,
        "rms_nm": 1.371401634822498,
        "p95_abs_nm": 2.9375
      },
      "left_elbow_joint": {
        "mean_nm": -0.8914880262649671,
        "rms_nm": 1.7474802356827872,
        "p95_abs_nm": 3.875
      },
      "left_wrist_roll_joint": {
        "mean_nm": -0.07823966782541522,
        "rms_nm": 0.2936934696145709,
        "p95_abs_nm": 0.5
      },
      "left_wrist_pitch_joint": {
        "mean_nm": -0.2905697783893395,
        "rms_nm": 0.5174244834638826,
        "p95_abs_nm": 1.09375
      },
      "left_wrist_yaw_joint": {
        "mean_nm": 0.13461021992081884,
        "rms_nm": 0.30619418431789175,
        "p95_abs_nm": 0.625
      },
      "right_shoulder_pitch_joint": {
        "mean_nm": -1.2772064503669371,
        "rms_nm": 3.1006377036152943,
        "p95_abs_nm": 7.0
      },
      "right_shoulder_roll_joint": {
        "mean_nm": -2.731266898416377,
        "rms_nm": 3.6510440471489396,
        "p95_abs_nm": 6.6875
      },
      "right_shoulder_yaw_joint": {
        "mean_nm": -0.6019940131324836,
        "rms_nm": 1.2840447585524464,
        "p95_abs_nm": 2.6875
      },
      "right_elbow_joint": {
        "mean_nm": -0.7682502896871379,
        "rms_nm": 1.6871695991442457,
        "p95_abs_nm": 3.6875
      },
      "right_wrist_roll_joint": {
        "mean_nm": -0.06322421784472769,
        "rms_nm": 0.23780423075083693,
        "p95_abs_nm": 0.4375
      },
      "right_wrist_pitch_joint": {
        "mean_nm": -0.23430333260911548,
        "rms_nm": 0.48042190631458315,
        "p95_abs_nm": 1.0664062499999982
      },
      "right_wrist_yaw_joint": {
        "mean_nm": -0.07296494785631517,
        "rms_nm": 0.2615836448967384,
        "p95_abs_nm": 0.546875
      }
    },
    "legs": {
      "left_hip_pitch_joint": {
        "mean_nm": -1.1429762590479418,
        "rms_nm": 10.135457025834057,
        "p95_abs_nm": 20.89559669494626
      },
      "left_hip_roll_joint": {
        "mean_nm": 1.4576128874565468,
        "rms_nm": 11.260476080391655,
        "p95_abs_nm": 23.90625
      },
      "left_hip_yaw_joint": {
        "mean_nm": -0.7623946273641128,
        "rms_nm": 5.369124828209106,
        "p95_abs_nm": 11.409801483154297
      },
      "left_knee_joint": {
        "mean_nm": -9.363525673522595,
        "rms_nm": 17.80694259621377,
        "p95_abs_nm": 40.74609374999999
      },
      "left_ankle_pitch_joint": {
        "mean_nm": 1.7261549035544548,
        "rms_nm": 8.491267701449244,
        "p95_abs_nm": 18.774878692626945
      },
      "left_ankle_roll_joint": {
        "mean_nm": 1.6962213344201924,
        "rms_nm": 3.814868384754837,
        "p95_abs_nm": 7.534694862365722
      },
      "right_hip_pitch_joint": {
        "mean_nm": -1.7075945931875647,
        "rms_nm": 10.03406217961713,
        "p95_abs_nm": 21.36541175842285
      },
      "right_hip_roll_joint": {
        "mean_nm": 0.7980088535631518,
        "rms_nm": 12.015990227201199,
        "p95_abs_nm": 24.43359375
      },
      "right_hip_yaw_joint": {
        "mean_nm": -0.1929803918507533,
        "rms_nm": 5.651104042825011,
        "p95_abs_nm": 10.962358474731445
      },
      "right_knee_joint": {
        "mean_nm": -9.01498451984357,
        "rms_nm": 16.94447534072903,
        "p95_abs_nm": 36.9140625
      },
      "right_ankle_pitch_joint": {
        "mean_nm": 4.120512543034947,
        "rms_nm": 9.933748565210475,
        "p95_abs_nm": 21.89640998840332
      },
      "right_ankle_roll_joint": {
        "mean_nm": -2.3673471841192484,
        "rms_nm": 3.4402622403526006,
        "p95_abs_nm": 6.501278781890869
      }
    },
    "ankle_pitch": {
      "left_ankle_pitch_joint": {
        "mean_nm": 1.7261549035544548,
        "rms_nm": 8.491267701449244,
        "p95_abs_nm": 18.774878692626945
      },
      "right_ankle_pitch_joint": {
        "mean_nm": 4.120512543034947,
        "rms_nm": 9.933748565210475,
        "p95_abs_nm": 21.89640998840332
      }
    }
  },
  "thermal": {
    "duration_min": 0.8695196469624837,
    "per_motor": {
      "left_hip_pitch_joint": {
        "start_C": 36.0,
        "end_C": 36.0,
        "rate_C_per_min": 0.0
      },
      "left_hip_roll_joint": {
        "start_C": 36.0,
        "end_C": 36.0,
        "rate_C_per_min": 0.0
      },
      "left_hip_yaw_joint": {
        "start_C": 35.0,
        "end_C": 35.0,
        "rate_C_per_min": 0.0
      },
      "left_knee_joint": {
        "start_C": 36.0,
        "end_C": 37.0,
        "rate_C_per_min": 1.150060270050627
      },
      "left_ankle_pitch_joint": {
        "start_C": 45.0,
        "end_C": 45.0,
        "rate_C_per_min": 0.0
      },
      "left_ankle_roll_joint": {
        "start_C": 42.0,
        "end_C": 42.0,
        "rate_C_per_min": 0.0
      },
      "right_hip_pitch_joint": {
        "start_C": 36.0,
        "end_C": 36.0,
        "rate_C_per_min": 0.0
      },