{
  "file": "data/telemetry/20260706-115456_ground-run-legodom.npz",
  "n_rows": 2589,
  "run_meta": {
    "mode": "ground-run-legodom",
    "approach_kp_scale": 2.0,
    "ground_leg_kp_scale": 1.0,
    "gravity_ff": false,
    "yaw_align": true,
    "torso_anchor": true,
    "max_action": 12.0,
    "ground_max_action": 10.0
  },
  "torque": {
    "n_samples": 2589,
    "per_joint": {
      "left_hip_pitch_joint": {
        "mean_nm": 0.9065088387787366,
        "rms_nm": 6.926866674732478,
        "p95_abs_nm": 14.799183082580562
      },
      "left_hip_roll_joint": {
        "mean_nm": 1.6882875869061413,
        "rms_nm": 7.493868473013768,
        "p95_abs_nm": 15.29296875
      },
      "left_hip_yaw_joint": {
        "mean_nm": -0.5679020126119642,
        "rms_nm": 3.041059943665668,
        "p95_abs_nm": 6.264204502105713
      },
      "left_knee_joint": {
        "mean_nm": -2.3576685617033606,
        "rms_nm": 7.112844312196388,
        "p95_abs_nm": 14.853515625
      },
      "left_ankle_pitch_joint": {
        "mean_nm": 1.2586924885182906,
        "rms_nm": 5.703960908514733,
        "p95_abs_nm": 11.572241210937497
      },
      "left_ankle_roll_joint": {
        "mean_nm": 1.491342241006703,
        "rms_nm": 2.38259563837983,
        "p95_abs_nm": 5.03156862258911
      },
      "right_hip_pitch_joint": {
        "mean_nm": 0.34392118564774143,
        "rms_nm": 7.25538207110427,
        "p95_abs_nm": 15.436790084838842
      },
      "right_hip_roll_joint": {
        "mean_nm": -0.8128440034762456,
        "rms_nm": 7.983666791206201,
        "p95_abs_nm": 17.033203124999975
      },
      "right_hip_yaw_joint": {
        "mean_nm": 0.18686672187579004,
        "rms_nm": 2.937296853624317,
        "p95_abs_nm": 6.35369319915771
      },
      "right_knee_joint": {
        "mean_nm": -1.3498628512456547,
        "rms_nm": 7.221349378353774,
        "p95_abs_nm": 15.205078125
      },
      "right_ankle_pitch_joint": {
        "mean_nm": 3.704543136333672,
        "rms_nm": 7.287353367856446,
        "p95_abs_nm": 15.4279218673706
      },
      "right_ankle_roll_joint": {
        "mean_nm": -1.8145089119031608,
        "rms_nm": 2.479113036794795,
        "p95_abs_nm": 4.80878791809082
      },
      "waist_yaw_joint": {
        "mean_nm": 0.1694978389208406,
        "rms_nm": 3.8997465192982244,
        "p95_abs_nm": 8.725142478942871
      },
      "waist_roll_joint": {
        "mean_nm": 1.792322657907081,
        "rms_nm": 9.342227717018892,
        "p95_abs_nm": 21.650312042236312
      },
      "waist_pitch_joint": {
        "mean_nm": -1.1695926515282427,
        "rms_nm": 6.732730727609831,
        "p95_abs_nm": 13.251500129699707
      },
      "left_shoulder_pitch_joint": {
        "mean_nm": -1.6241309385863267,
        "rms_nm": 3.113114710084741,
        "p95_abs_nm": 6.4375
      },
      "left_shoulder_roll_joint": {
        "mean_nm": 2.0933275395905757,
        "rms_nm": 3.29576084055772,
        "p95_abs_nm": 6.537499999999994
      },
      "left_shoulder_yaw_joint": {
        "mean_nm": 0.7907976052529935,
        "rms_nm": 1.3485654205528956,
        "p95_abs_nm": 2.75
      },
      "left_elbow_joint": {
        "mean_nm": -0.8707753959057551,
        "rms_nm": 1.6768157037392875,
        "p95_abs_nm": 3.8499999999999943
      },
      "left_wrist_roll_joint": {
        "mean_nm": -0.10962244109694863,
        "rms_nm": 0.3034962081132597,
        "p95_abs_nm": 0.5625
      },
      "left_wrist_pitch_joint": {
        "mean_nm": -0.30727582440131324,
        "rms_nm": 0.509757323712541,
        "p95_abs_nm": 1.07421875
      },
      "left_wrist_yaw_joint": {
        "mean_nm": 0.13337678640401698,
        "rms_nm": 0.2915133042693818,
        "p95_abs_nm": 0.556640625
      },
      "right_shoulder_pitch_joint": {
        "mean_nm": -1.15681730397837,
        "rms_nm": 2.9833667860762025,
        "p95_abs_nm": 6.474999999999994
      },
      "right_shoulder_roll_joint": {
        "mean_nm": -2.7705677867902665,
        "rms_nm": 3.534480958227257,
        "p95_abs_nm": 6.5
      },
      "right_shoulder_yaw_joint": {
        "mean_nm": -0.6707705677867902,
        "rms_nm": 1.2793837799171832,
        "p95_abs_nm": 2.6875
      },
      "right_elbow_joint": {
        "mean_nm": -0.7553109308613364,
        "rms_nm": 1.5972747708845003,
        "p95_abs_nm": 3.5
      },
      "right_wrist_roll_joint": {
        "mean_nm": -0.0580098493626883,
        "rms_nm": 0.23499599879075217,
        "p95_abs_nm": 0.4375
      },
      "right_wrist_pitch_joint": {
        "mean_nm": -0.24217542970258787,
        "rms_nm": 0.4730062805913473,
        "p95_abs_nm": 1.083984375
      },
      "right_wrist_yaw_joint": {
        "mean_nm": -0.0756166413190421,
        "rms_nm": 0.25286559306110823,
        "p95_abs_nm": 0.537109375
      }
    },
    "legs": {
      "left_hip_pitch_joint": {
        "mean_nm": 0.9065088387787366,
        "rms_nm": 6.926866674732478,
        "p95_abs_nm": 14.799183082580562
      },
      "left_hip_roll_joint": {
        "mean_nm": 1.6882875869061413,
        "rms_nm": 7.493868473013768,
        "p95_abs_nm": 15.29296875
      },
      "left_hip_yaw_joint": {
        "mean_nm": -0.5679020126119642,
        "rms_nm": 3.041059943665668,
        "p95_abs_nm": 6.264204502105713
      },
      "left_knee_joint": {
        "mean_nm": -2.3576685617033606,
        "rms_nm": 7.112844312196388,
        "p95_abs_nm": 14.853515625
      },
      "left_ankle_pitch_joint": {
        "mean_nm": 1.2586924885182906,
        "rms_nm": 5.703960908514733,
        "p95_abs_nm": 11.572241210937497
      },
      "left_ankle_roll_joint": {
        "mean_nm": 1.491342241006703,
        "rms_nm": 2.38259563837983,
        "p95_abs_nm": 5.03156862258911
      },
      "right_hip_pitch_joint": {
        "mean_nm": 0.34392118564774143,
        "rms_nm": 7.25538207110427,
        "p95_abs_nm": 15.436790084838842
      },
      "right_hip_roll_joint": {
        "mean_nm": -0.8128440034762456,
        "rms_nm": 7.983666791206201,
        "p95_abs_nm": 17.033203124999975
      },
      "right_hip_yaw_joint": {
        "mean_nm": 0.18686672187579004,
        "rms_nm": 2.937296853624317,
        "p95_abs_nm": 6.35369319915771
      },
      "right_knee_joint": {
        "mean_nm": -1.3498628512456547,
        "rms_nm": 7.221349378353774,
        "p95_abs_nm": 15.205078125
      },
      "right_ankle_pitch_joint": {
        "mean_nm": 3.704543136333672,
        "rms_nm": 7.287353367856446,
        "p95_abs_nm": 15.4279218673706
      },
      "right_ankle_roll_joint": {
        "mean_nm": -1.8145089119031608,
        "rms_nm": 2.479113036794795,
        "p95_abs_nm": 4.80878791809082
      }
    },
    "ankle_pitch": {
      "left_ankle_pitch_joint": {
        "mean_nm": 1.2586924885182906,
        "rms_nm": 5.703960908514733,
        "p95_abs_nm": 11.572241210937497
      },
      "right_ankle_pitch_joint": {
        "mean_nm": 3.704543136333672,
        "rms_nm": 7.287353367856446,
        "p95_abs_nm": 15.4279218673706
      }
    }
  },
  "thermal": {
    "duration_min": 0.872050674756368,
    "per_motor": {
      "left_hip_pitch_joint": {
        "start_C": 36.0,
        "end_C": 36.0,
        "rate_C_per_min": 0.0
      },
      "left_hip_roll_joint": {
        "start_C": 36.0,
        "end_C": 36.0,
        "rate_C_per_min": 0.0
      },
      "left_hip_yaw_joint": {
        "start_C": 35.0,
        "end_C": 35.0,
        "rate_C_per_min": 0.0
      },
      "left_knee_joint": {
        "start_C": 37.0,
        "end_C": 36.6,
        "rate_C_per_min": -0.4586889404239609
      },
      "left_ankle_pitch_joint": {
        "start_C": 45.0,
        "end_C": 45.0,
        "rate_C_per_min": 0.0
      },
      "left_ankle_roll_joint": {
        "start_C": 42.0,
        "end_C": 42.0,
        "rate_C_per_min": 0.0
      },
      "right_hip_pitch_joint": {
        "start_C": 36.0,
        "end_C": 36.0,